date,delinquency_rate_change_bps
2024-01-02,0.0
2024-01-03,0.1381
2024-01-04,0.1586
2024-01-05,0.1833
2024-01-08,0.2287
2024-01-09,-0.0543
2024-01-10,-0.1115
2024-01-11,0.122
2024-01-12,0.2048
2024-01-15,0.189
2024-01-16,-0.3371
2024-01-17,-0.0476
2024-01-18,0.3213
2024-01-19,0.5021
2024-01-22,0.3815
2024-01-23,-0.2308
2024-01-24,0.1397
2024-01-25,0.0424
2024-01-26,-0.7335
2024-01-29,-0.3416
2024-01-30,-0.6594
2024-01-31,-0.7978
2024-02-01,-0.6851
2024-02-02,-0.043
2024-02-05,-0.1379
2024-02-06,-0.0042
2024-02-07,0.5218
2024-02-08,0.8017
2024-02-09,0.4661
2024-02-12,0.2165
2024-02-13,-0.244
2024-02-14,-0.3596
2024-02-15,-0.0954
2024-02-16,0.0596
2024-02-19,0.07
2024-02-20,0.3419
2024-02-21,-0.0198
2024-02-22,-0.0291
2024-02-23,0.2013
2024-02-26,0.3001
2024-02-27,0.5073
2024-02-28,0.4337
2024-02-29,0.176
2024-03-01,0.2178
2024-03-04,-0.1657
2024-03-05,-0.5946
2024-03-06,-0.1944
2024-03-07,-0.1371
2024-03-08,0.0075
2024-03-11,-0.5046
2024-03-12,-0.4224
2024-03-13,-0.4419
2024-03-14,-0.5332
2024-03-15,-1.0071
2024-03-18,-0.7249
2024-03-19,-0.1802
2024-03-20,0.0026
2024-03-21,-0.1787
2024-03-22,-0.1153
2024-03-25,0.1556
2024-03-26,-0.7317
2024-03-27,-0.491
2024-03-28,-0.1415
2024-03-29,0.1169
2024-04-01,0.5827
2024-04-02,0.7018
2024-04-03,0.5289
2024-04-04,0.4185
2024-04-05,0.4956
2024-04-08,0.1454
2024-04-09,0.0781
2024-04-10,0.3203
2024-04-11,0.7858
2024-04-12,0.4394
2024-04-15,0.2579
2024-04-16,0.2195
2024-04-17,0.539
2024-04-18,0.3251
2024-04-19,0.6424
2024-04-22,0.1083
2024-04-23,0.0113
2024-04-24,-0.0524
2024-04-25,0.2034
2024-04-26,0.4397
2024-04-29,-0.1802
2024-04-30,-0.3863
2024-05-01,-0.1384
2024-05-02,-0.2834
2024-05-03,-0.6325
2024-05-06,-0.0806
2024-05-07,0.0982
2024-05-08,0.2089
2024-05-09,-0.0131
2024-05-10,0.3005
2024-05-13,0.1143
2024-05-14,0.3998
2024-05-15,-0.0256
2024-05-16,-0.2721
2024-05-17,-0.1073
2024-05-20,-0.2772
2024-05-21,0.0307
2024-05-22,0.0971
2024-05-23,-0.2167
2024-05-24,-0.1125
2024-05-27,-0.1751
2024-05-28,0.1662
2024-05-29,-0.0867
2024-05-30,-0.1855
2024-05-31,0.2483
2024-06-03,0.8256
2024-06-04,1.1115
2024-06-05,0.7081
2024-06-06,0.5047
2024-06-07,0.7729
2024-06-10,0.4419
2024-06-11,-0.0189
2024-06-12,0.0233
2024-06-13,0.1499
2024-06-14,-0.1558
2024-06-17,-0.5905
2024-06-18,-0.7971
2024-06-19,-0.2946
2024-06-20,-0.4102
2024-06-21,-0.2967
2024-06-24,-0.1202
2024-06-25,0.1112
2024-06-26,-0.0315
2024-06-27,0.1301
2024-06-28,-0.1864
2024-07-01,-0.2241
2024-07-02,-0.4462
2024-07-03,0.0629
2024-07-04,0.0308
2024-07-05,-0.2027
2024-07-08,-0.2314
2024-07-09,-0.21
2024-07-10,0.08
2024-07-11,-0.4291
2024-07-12,-0.5772
2024-07-15,-0.4713
2024-07-16,0.4675
2024-07-17,0.5765
2024-07-18,0.324
2024-07-19,0.4145
2024-07-22,0.8742
2024-07-23,0.4719
2024-07-24,0.1826
2024-07-25,0.4768
2024-07-26,0.4439
2024-07-29,0.4766
2024-07-30,0.143
2024-07-31,0.6659
2024-08-01,0.9258
2024-08-02,0.7438
2024-08-05,0.6664
2024-08-06,-0.195
2024-08-07,0.0704
2024-08-08,-0.0146
2024-08-09,0.1211
2024-08-12,0.2798
2024-08-13,0.0711
2024-08-14,-0.4631
2024-08-15,-0.1767
2024-08-16,-0.332
2024-08-19,-0.3049
2024-08-20,-0.3704
2024-08-21,-0.3321
2024-08-22,-0.8988
2024-08-23,-0.1922
2024-08-26,-0.0431
2024-08-27,0.3067
2024-08-28,0.7841
2024-08-29,0.4929
2024-08-30,-0.2351
2024-09-02,-0.4139
2024-09-03,-0.6187
2024-09-04,-0.5342
2024-09-05,-0.3073
2024-09-06,-0.7912
2024-09-09,-0.3878
2024-09-10,-0.6935
2024-09-11,-0.3408
2024-09-12,-0.2441
2024-09-13,-0.2455
2024-09-16,-0.1741
2024-09-17,-0.2699
2024-09-18,-0.3511
2024-09-19,-0.7225
2024-09-20,-0.4568
2024-09-23,0.2704
2024-09-24,0.7618
2024-09-25,0.8689
2024-09-26,0.7504
2024-09-27,0.2623
2024-09-30,0.5955
2024-10-01,0.3524
2024-10-02,0.1978
2024-10-03,0.0353
2024-10-04,0.0495
2024-10-07,-0.0999
2024-10-08,-0.0871
2024-10-09,-0.3794
2024-10-10,-0.3473
2024-10-11,0.4688
2024-10-14,0.2698
2024-10-15,0.0957
2024-10-16,0.219
2024-10-17,0.3482
2024-10-18,-0.1182
2024-10-21,-0.1354
2024-10-22,0.1915
2024-10-23,0.1997
2024-10-24,0.1604
2024-10-25,0.5656
2024-10-28,0.1474
2024-10-29,0.1162
2024-10-30,-0.084
2024-10-31,0.395
2024-11-01,-0.3406
2024-11-04,-0.4122
2024-11-05,4.0878
2024-11-06,2.3757
2024-11-07,1.672
2024-11-08,1.2185
2024-11-11,1.174
2024-11-12,0.2557
2024-11-13,0.3837
2024-11-14,0.1499
2024-11-15,-0.1068
2024-11-18,0.0957
2024-11-19,-0.2167
2024-11-20,-0.7574
2024-11-21,-0.5807
2024-11-22,-0.8094
2024-11-25,-0.6965
2024-11-26,-0.3203
2024-11-27,-0.105
2024-11-28,0.411
2024-11-29,0.1949
2024-12-02,-0.3392
2024-12-03,-0.4371
2024-12-04,-0.5468
2024-12-05,-0.7044
2024-12-06,-0.3061
2024-12-09,-0.3834
2024-12-10,-0.8309
2024-12-11,-0.3061
2024-12-12,-0.2232
2024-12-13,-0.0313
2024-12-16,0.0123
2024-12-17,0.1971
2024-12-18,0.1336
2024-12-19,0.4537
2024-12-20,0.4088
2024-12-23,0.3711
2024-12-24,0.353
2024-12-25,-0.2181
2024-12-26,-0.1846
2024-12-27,-0.1923
2024-12-30,-0.0569
2024-12-31,-0.4429
2025-01-01,0.2156
2025-01-02,0.165
2025-01-03,-0.2611
2025-01-06,-0.6745
2025-01-07,-0.5026
2025-01-08,-0.3385
2025-01-09,-0.4254
2025-01-10,-0.2361
2025-01-13,-0.3387
2025-01-14,-0.0445
2025-01-15,-0.245
2025-01-16,-0.1634
2025-01-17,0.1923
2025-01-20,0.8907
2025-01-21,0.25
2025-01-22,0.0156
2025-01-23,-0.2423
2025-01-24,0.0851
2025-01-27,-0.2917
2025-01-28,-0.3261
2025-01-29,-0.2111
2025-01-30,-0.4245
2025-01-31,-0.5504
2025-02-03,-0.4839
2025-02-04,-0.9302
2025-02-05,-1.0103
2025-02-06,-0.7503
2025-02-07,-0.4207
2025-02-10,-0.3166
2025-02-11,-0.7285
2025-02-12,-0.5908
2025-02-13,-0.1268
2025-02-14,0.0882
2025-02-17,0.031
2025-02-18,-0.247
2025-02-19,0.0362
2025-02-20,-0.1512
2025-02-21,-0.4445
2025-02-24,-0.5163
2025-02-25,0.1144
2025-02-26,0.137
2025-02-27,0.4327
2025-02-28,0.1245
2025-03-03,0.3586
2025-03-04,0.0419
2025-03-05,-0.0213
2025-03-06,0.7327
2025-03-07,0.6844
2025-03-10,0.274
